species,unitName,unitSlug,huntType,notes
Bighorn Sheep,Antelope Island,antelope-island,Once-in-a-Lifetime,
Bighorn Sheep,Antelope Island Conservation,antelope-island-conservation,Once-in-a-Lifetime,
Bighorn Sheep,Antimony,antimony,Antlerless,
Bighorn Sheep,"Beaver, Circleville North",beaver-circleville-north,Antlerless,
Bighorn Sheep,"Book Cliffs, South",book-cliffs-south,Once-in-a-Lifetime,
Bighorn Sheep,"Box Elder, Newfoundland Mtn",box-elder-newfoundland-mtn,Once-in-a-Lifetime,
Bighorn Sheep,"Box Elder, Newfoundland Mtn (early)",box-elder-newfoundland-mtn-early,Once-in-a-Lifetime,
Bighorn Sheep,"Box Elder, Newfoundland Mtn (late)",box-elder-newfoundland-mtn-late,Once-in-a-Lifetime,
Bighorn Sheep,"Box Elder, Pilot Mtn",box-elder-pilot-mtn,Once-in-a-Lifetime,
Bighorn Sheep,"Box Elder, West Bear River",box-elder-west-bear-river,Antlerless,
Bighorn Sheep,Chalk Creek,chalk-creek,Antlerless,
Bighorn Sheep,Desert Bighorn Sheep - Statewide Permit,desert-bighorn-sheep-statewide-permit,Once-in-a-Lifetime,
Bighorn Sheep,East Angle,east-angle,Antlerless,
Bighorn Sheep,East Canyon,east-canyon,Antlerless,
Bighorn Sheep,"East Canyon, Davis-North Salt Lake",east-canyon-davis-north-salt-lake,Antlerless,
Bighorn Sheep,"Escalante, East",escalante-east,Once-in-a-Lifetime,
Bighorn Sheep,"Escalante, West",escalante-west,Once-in-a-Lifetime,
Bighorn Sheep,Fillmore City,fillmore-city,Antlerless,
Bighorn Sheep,"Fillmore, Oak City",fillmore-oak-city,Antlerless,
Bighorn Sheep,"Fillmore, Oak Creek",fillmore-oak-creek,Once-in-a-Lifetime,
Bighorn Sheep,Fremont River Valley,fremont-river-valley,Antlerless,
Bighorn Sheep,George Creek CWMU,george-creek-cwmu,Antlerless,
Bighorn Sheep,Henry Mtns,henry-mtns,Once-in-a-Lifetime,
Bighorn Sheep,"Henry Mtns/La Sal, Potash/South Cisco/San Juan, Lockhart/San Juan, South/San Rafael, Dirty Devil Conservation",henry-mtns-la-sal-potash-south-cisco-san-juan-lockhart-san-juan-south-san-rafael-dirty-devil-conservation,Once-in-a-Lifetime,
Bighorn Sheep,Junction Valley CWMU,junction-valley-cwmu,Antlerless,
Bighorn Sheep,"Kaiparowits, East",kaiparowits-east,Once-in-a-Lifetime,
Bighorn Sheep,"Kaiparowits, East/Escalante/West Conservation",kaiparowits-east-escalante-west-conservation,Once-in-a-Lifetime,
Bighorn Sheep,"Kaiparowits, Escalante",kaiparowits-escalante,Once-in-a-Lifetime,
Bighorn Sheep,"Kaiparowits, Escalante East/West",kaiparowits-escalante-east-west,Once-in-a-Lifetime,
Bighorn Sheep,"Kaiparowits, West",kaiparowits-west,Once-in-a-Lifetime,
Bighorn Sheep,"La Sal, Potash/South Cisco",la-sal-potash-south-cisco,Once-in-a-Lifetime,
Bighorn Sheep,Mineral Mtns,mineral-mtns,Once-in-a-Lifetime,
Bighorn Sheep,"Monroe, Annabella",monroe-annabella,Antlerless,
Bighorn Sheep,"Monroe, Foothills",monroe-foothills,Antlerless,
Bighorn Sheep,"Monroe/Plateau, Sevier Valley",monroe-plateau-sevier-valley,Antlerless,
Bighorn Sheep,Mt Carmel CWMU,mt-carmel-cwmu,Antlerless,
Bighorn Sheep,"Mt Dutton, Circleville South",mt-dutton-circleville-south,Antlerless,
Bighorn Sheep,Myton,myton,Antlerless,
Bighorn Sheep,Nebo,nebo,Once-in-a-Lifetime,
Bighorn Sheep,Nebo/Wasatch Mtns,nebo-wasatch-mtns,Once-in-a-Lifetime,
Bighorn Sheep,"Nebo/Wasatch Mtns, West",nebo-wasatch-mtns-west,Once-in-a-Lifetime,
Bighorn Sheep,"Nine Mile, Gray Canyon",nine-mile-gray-canyon,Once-in-a-Lifetime,
Bighorn Sheep,"Nine Mile, Green River Valley",nine-mile-green-river-valley,Antlerless,
Bighorn Sheep,"Nine Mile, Jack Creek",nine-mile-jack-creek,Once-in-a-Lifetime,
Bighorn Sheep,"Nine Mile, Price River Valley",nine-mile-price-river-valley,Antlerless,
Bighorn Sheep,"Nine Mile, Range Creek",nine-mile-range-creek,Once-in-a-Lifetime,
Bighorn Sheep,"North Slope, Bare Top/West Daggett",north-slope-bare-top-west-daggett,Once-in-a-Lifetime,
Bighorn Sheep,"North Slope, Manila-Phil Pico",north-slope-manila-phil-pico,Antlerless,
Bighorn Sheep,"North Slope, Summit/West Daggett",north-slope-summit-west-daggett,Once-in-a-Lifetime,
Bighorn Sheep,"North Slope, Three Corners",north-slope-three-corners,Once-in-a-Lifetime,
Bighorn Sheep,"Oquirrh-Stansbury, Settlement Cyn",oquirrh-stansbury-settlement-cyn,Antlerless,
Bighorn Sheep,"Oquirrh-Stansbury, West",oquirrh-stansbury-west,Once-in-a-Lifetime,
Bighorn Sheep,"Panguitch Lake, Cottonwood",panguitch-lake-cottonwood,Antlerless,
Bighorn Sheep,"Panguitch Lake, Panguitch Valley",panguitch-lake-panguitch-valley,Antlerless,
Bighorn Sheep,"Panguitch Lake, Parowan Front",panguitch-lake-parowan-front,Antlerless,
Bighorn Sheep,"Panguitch Lake, Summit",panguitch-lake-summit,Antlerless,
Bighorn Sheep,"Pine Valley, Beaver Dam",pine-valley-beaver-dam,Once-in-a-Lifetime,
Bighorn Sheep,"Pine Valley, Enterprise",pine-valley-enterprise,Antlerless,
Bighorn Sheep,"Pine Valley, New Harmony",pine-valley-new-harmony,Antlerless,
Bighorn Sheep,"Pine Valley, Quichapa",pine-valley-quichapa,Antlerless,
Bighorn Sheep,"Pine Valley, Virgin River",pine-valley-virgin-river,Once-in-a-Lifetime,
Bighorn Sheep,Rocky Mountain Bighorn Sheep - Statewide Permit,rocky-mountain-bighorn-sheep-statewide-permit,Once-in-a-Lifetime,
Bighorn Sheep,"San Juan, Lockhart",san-juan-lockhart,Once-in-a-Lifetime,
Bighorn Sheep,"San Juan, Monticello",san-juan-monticello,Antlerless,
Bighorn Sheep,"San Juan, North",san-juan-north,Once-in-a-Lifetime,
Bighorn Sheep,"San Juan, San Juan River",san-juan-san-juan-river,Once-in-a-Lifetime,
Bighorn Sheep,"San Juan, South",san-juan-south,Once-in-a-Lifetime,
Bighorn Sheep,San Rafael North/South Conservation,san-rafael-north-south-conservation,Once-in-a-Lifetime,
Bighorn Sheep,"San Rafael, Dirty Devil",san-rafael-dirty-devil,Once-in-a-Lifetime,
Bighorn Sheep,"San Rafael, North",san-rafael-north,Once-in-a-Lifetime,
Bighorn Sheep,"San Rafael, South",san-rafael-south,Once-in-a-Lifetime,
Bighorn Sheep,"Southwest Desert, Cedar Valley",southwest-desert-cedar-valley,Antlerless,
Bighorn Sheep,"Southwest Desert, Garrison",southwest-desert-garrison,Antlerless,
Bighorn Sheep,Stansbury,stansbury,Once-in-a-Lifetime,
Bighorn Sheep,Statewide Conservation,statewide-conservation,Once-in-a-Lifetime,
Bighorn Sheep,The Rose of Snowville CWMU,the-rose-of-snowville-cwmu,Antlerless,
Bighorn Sheep,Vernal-Ouray Valley,vernal-ouray-valley,Antlerless,
Bighorn Sheep,"Vernal, Ashley Valley",vernal-ashley-valley,Antlerless,
Bighorn Sheep,"Wasatch Mtns, Avintaquin",wasatch-mtns-avintaquin,Once-in-a-Lifetime,
Bighorn Sheep,"Wasatch Mtns, West",wasatch-mtns-west,Once-in-a-Lifetime,
Bighorn Sheep,"Wasatch Mtns, West-Sheep Creek",wasatch-mtns-west-sheep-creek,Antlerless,
Bighorn Sheep,Zion,zion,Once-in-a-Lifetime,
Bighorn Sheep,Zion (late) - Conservation,zion-late-conservation,Once-in-a-Lifetime,
Bighorn Sheep,Zion Conservation,zion-conservation,Once-in-a-Lifetime,
Bighorn Sheep,"Zion, Northwest Zion",zion-northwest-zion,Antlerless,
Bison,Antelope Island,antelope-island,Once-in-a-Lifetime,
Bison,Antelope Island - Hunt #BI0001,antelope-island-hunt-bi0001,Once-in-a-Lifetime,
Bison,Bison - Statewide Permit,bison-statewide-permit,Once-in-a-Lifetime,
Bison,Book Cliffs,book-cliffs,Once-in-a-Lifetime,
Bison,"Book Cliffs, Bitter Creek",book-cliffs-bitter-creek,Once-in-a-Lifetime,
Bison,"Book Cliffs, Bitter Creek/South",book-cliffs-bitter-creek-south,Once-in-a-Lifetime,
Bison,"Book Cliffs, Little Creek Roadless",book-cliffs-little-creek-roadless,Once-in-a-Lifetime,
Bison,"Book Cliffs, Little Creek Roadless (Cow only)",book-cliffs-little-creek-roadless-cow-only,Once-in-a-Lifetime,
Bison,"Book Cliffs, Little Creek/South",book-cliffs-little-creek-south,Once-in-a-Lifetime,
Bison,"Book Cliffs, Wild Horse Bench",book-cliffs-wild-horse-bench,Once-in-a-Lifetime,
Bison,"Book Cliffs, Wild Horse Bench/Nine Mile, Anthro",book-cliffs-wild-horse-bench-nine-mile-anthro,Once-in-a-Lifetime,
Bison,Henry Mtns,henry-mtns,Once-in-a-Lifetime,
Bison,"Henry Mtns/Plateau, Boulder/Kaiparowits",henry-mtns-plateau-boulder-kaiparowits,Once-in-a-Lifetime,
Bison,Nine Mile,nine-mile,Once-in-a-Lifetime,
Bison,"Nine Mile, Private Lands Only",nine-mile-private-lands-only,Once-in-a-Lifetime,
Bison,Statewide Conservation,statewide-conservation,Once-in-a-Lifetime,
Black Bear,Beaver,beaver,Limited Entry,
Black Bear,Black Bear - Statewide Permit,black-bear-statewide-permit,General,
Black Bear,Black Bear Conservation - Statewide,black-bear-conservation-statewide,Limited Entry,
Black Bear,Black Bear Harvest Objective Units,black-bear-harvest-objective-units,General,
Black Bear,Black Bear Pursuit - Nonresident,black-bear-pursuit-nonresident,Limited Entry,
Black Bear,Black Bear Pursuit - Resident,black-bear-pursuit-resident,Limited Entry,
Black Bear,Book Cliffs,book-cliffs,Limited Entry,
Black Bear,"Book Cliffs, Bitter Creek/South",book-cliffs-bitter-creek-south,Limited Entry,
Black Bear,"Book Cliffs, Little Creek Roadless",book-cliffs-little-creek-roadless,Limited Entry,
Black Bear,Boulder/Kaiparowits,boulder-kaiparowits,Limited Entry,
Black Bear,Cache/East Canyon/Morgan-South Rich/Ogden,cache-east-canyon-morgan-south-rich-ogden,Limited Entry,
Black Bear,Cache/Ogden,cache-ogden,Limited Entry,
Black Bear,Chalk Creek/East Canyon/Morgan-South Rich,chalk-creek-east-canyon-morgan-south-rich,Limited Entry,
Black Bear,"Chalk Creek/Kamas/North Slope, Summit",chalk-creek-kamas-north-slope-summit,Limited Entry,
Black Bear,Diamond Mtn/Vernal/Bonanza,diamond-mtn-vernal-bonanza,Limited Entry,
Black Bear,Dolores Triangle,dolores-triangle,Limited Entry,
Black Bear,"Fillmore, Pahvant",fillmore-pahvant,Limited Entry,
Black Bear,Fishlake/Thousand Lakes,fishlake-thousand-lakes,Limited Entry,
Black Bear,"Kamas/North Slope, Summit",kamas-north-slope-summit,Limited Entry,
Black Bear,La Sal,la-sal,Limited Entry,
Black Bear,La Sal Mtns,la-sal-mtns,Limited Entry,
Black Bear,Manti-North,manti-north,Limited Entry,
Black Bear,"Manti-South/San Rafael, North",manti-south-san-rafael-north,Limited Entry,
Black Bear,"Manti, North",manti-north,Limited Entry,
Black Bear,"Manti, South/San Rafael, North",manti-south-san-rafael-north,Limited Entry,
Black Bear,Monroe,monroe,Limited Entry,
Black Bear,Mt Dutton,mt-dutton,Limited Entry,
Black Bear,Nebo,nebo,Limited Entry,
Black Bear,Nine Mile,nine-mile,Limited Entry,
Black Bear,"North Slope, Three Corners/West Daggett",north-slope-three-corners-west-daggett,Limited Entry,
Black Bear,Panguitch Lake/Zion,panguitch-lake-zion,Limited Entry,
Black Bear,Paunsaugunt,paunsaugunt,Limited Entry,
Black Bear,San Juan,san-juan,Limited Entry,
Black Bear,"Wasatch Mtns, Avintaquin/Currant Creek",wasatch-mtns-avintaquin-currant-creek,Limited Entry,
Black Bear,"Wasatch Mtns, Avintaquin/Currant Creek (bear)",wasatch-mtns-avintaquin-currant-creek-bear,Limited Entry,
Black Bear,"Wasatch Mtns, West-Central",wasatch-mtns-west-central,Limited Entry,
Black Bear,Yellowstone,yellowstone,Limited Entry,
Cougar,Beaver,beaver,General,
Cougar,"Beaver, East",beaver-east,General,
Cougar,"Beaver, Mineral Mountains",beaver-mineral-mountains,General,
Cougar,"Beaver, West",beaver-west,General,
Cougar,Bonanza/Diamond Mtn/Vernal,bonanza-diamond-mtn-vernal,General,
Cougar,"Book Cliffs, East",book-cliffs-east,General,
Cougar,"Book Cliffs, Rattlesnake Canyon/Nine Mile, South",book-cliffs-rattlesnake-canyon-nine-mile-south,General,
Cougar,Boulder,boulder,General,
Cougar,"Box Elder, Desert",box-elder-desert,General,
Cougar,"Box Elder, Desert and Box Elder, Raft River Conservation",box-elder-desert-and-box-elder-raft-river-conservation,Management,
Cougar,"Box Elder, Pilot Mtn",box-elder-pilot-mtn,General,
Cougar,"Box Elder, Raft River",box-elder-raft-river,General,
Cougar,Cache,cache,General,
Cougar,Chalk Creek,chalk-creek,General,
Cougar,Chalk Creek/Kamas,chalk-creek-kamas,General,
Cougar,"Chalk Creek/Kamas, East Canyon, and Morgan-South Rich Conservation",chalk-creek-kamas-east-canyon-and-morgan-south-rich-conservation,Management,
Cougar,Cougar - Statewide,cougar-statewide,General,
Cougar,Cougar - Statewide Permit,cougar-statewide-permit,General,
Cougar,Cougar Control,cougar-control,General,
Cougar,Cougar Pursuit,cougar-pursuit,General,
Cougar,East Canyon,east-canyon,General,
Cougar,"East Canyon, Davis",east-canyon-davis,General,
Cougar,"Fillmore, Oak Creek",fillmore-oak-creek,General,
Cougar,"Fillmore, Pahvant",fillmore-pahvant,General,
Cougar,Fishlake,fishlake,General,
Cougar,Henry Mtns,henry-mtns,General,
Cougar,Kaiparowits,kaiparowits,General,
Cougar,Kamas,kamas,General,
Cougar,La Sal,la-sal,General,
Cougar,Manti Conservation,manti-conservation,Management,
Cougar,Monroe,monroe,General,
Cougar,Morgan-South Rich,morgan-south-rich,General,
Cougar,Mt Dutton,mt-dutton,General,
Cougar,Nebo,nebo,General,
Cougar,Nebo (excludes West Face),nebo-excludes-west-face,General,
Cougar,Nebo and Nebo-West Face Conservation,nebo-and-nebo-west-face-conservation,Management,
Cougar,Nebo-West Face,nebo-west-face,General,
Cougar,"Nine Mile, North",nine-mile-north,General,
Cougar,"North Slope, Summit/West Daggett",north-slope-summit-west-daggett,General,
Cougar,"North Slope, Three Corners",north-slope-three-corners,General,
Cougar,Northeast Manti,northeast-manti,General,
Cougar,Northwest Manti,northwest-manti,General,
Cougar,Ogden,ogden,General,
Cougar,Oquirrh-Stansbury,oquirrh-stansbury,General,
Cougar,"Oquirrh-Stansbury and West Desert, Tintic-Vernon Conservation",oquirrh-stansbury-and-west-desert-tintic-vernon-conservation,Management,
Cougar,"Oquirrh-Stansbury, East",oquirrh-stansbury-east,General,
Cougar,"Oquirrh-Stansbury, West",oquirrh-stansbury-west,General,
Cougar,Panguitch Lake,panguitch-lake,General,
Cougar,Paunsaugunt,paunsaugunt,General,
Cougar,"Pine Valley, North",pine-valley-north,General,
Cougar,"Pine Valley, South",pine-valley-south,General,
Cougar,San Juan,san-juan,General,
Cougar,"San Juan, Desert",san-juan-desert,General,
Cougar,"San Juan, Mountains",san-juan-mountains,General,
Cougar,San Rafael,san-rafael,General,
Cougar,Southeast Manti,southeast-manti,General,
Cougar,Southwest Desert,southwest-desert,General,
Cougar,Southwest Manti,southwest-manti,General,
Cougar,Statewide Conservation,statewide-conservation,Management,
Cougar,Statewide Spot and Stalk,statewide-spot-and-stalk,General,
Cougar,Thousand Lakes,thousand-lakes,General,
Cougar,"Wasatch Mtns, Avintaquin-Wildcat",wasatch-mtns-avintaquin-wildcat,General,
Cougar,"Wasatch Mtns, Avintaquin/Currant Creek",wasatch-mtns-avintaquin-currant-creek,General,
Cougar,"Wasatch Mtns, Cascade",wasatch-mtns-cascade,General,
Cougar,"Wasatch Mtns, Currant Creek North and Wasatch Mtns,West-Strawberry Conservation",wasatch-mtns-currant-creek-north-and-wasatch-mtns-west-strawberry-conservation,Management,
Cougar,"Wasatch Mtns, Currant Creek-North",wasatch-mtns-currant-creek-north,General,
Cougar,"Wasatch Mtns, Salt Lake",wasatch-mtns-salt-lake,General,
Cougar,"Wasatch Mtns, Timpanogos",wasatch-mtns-timpanogos,General,
Cougar,"Wasatch Mtns, West-Strawberry",wasatch-mtns-west-strawberry,General,
Cougar,"West Desert, Mtn Ranges",west-desert-mtn-ranges,General,
Cougar,"West Desert, Tintic-Vernon",west-desert-tintic-vernon,General,
Cougar,Yellowstone,yellowstone,General,
Cougar,Zion,zion,General,
Elk,Barney Top/Kaiparowits,barney-top-kaiparowits,Limited Entry,
Elk,"Beaver, East",beaver-east,Antlerless,
Elk,"Beaver, East",beaver-east,General,
Elk,"Beaver, East",beaver-east,Limited Entry,
Elk,"Beaver, East",beaver-east,Youth,
Elk,"Beaver, West",beaver-west,General,
Elk,"Beaver, West",beaver-west,Youth,
Elk,"Book Cliffs, Bitter Creek/East",book-cliffs-bitter-creek-east,General,
Elk,"Book Cliffs, Bitter Creek/East",book-cliffs-bitter-creek-east,Limited Entry,
Elk,"Book Cliffs, Bitter Creek/East",book-cliffs-bitter-creek-east,Youth,
Elk,"Book Cliffs, Floy Canyon",book-cliffs-floy-canyon,General,
Elk,"Book Cliffs, Floy Canyon",book-cliffs-floy-canyon,Youth,
Elk,"Book Cliffs, Little Creek Roadless",book-cliffs-little-creek-roadless,General,
Elk,"Book Cliffs, Little Creek Roadless",book-cliffs-little-creek-roadless,Limited Entry,
Elk,"Book Cliffs, Little Creek Roadless",book-cliffs-little-creek-roadless,Youth,
Elk,Boulder,boulder,Limited Entry,
Elk,Boulder/Kaiparowits,boulder-kaiparowits,General,
Elk,Boulder/Kaiparowits,boulder-kaiparowits,Youth,
Elk,"Box Elder, Grouse Creek",box-elder-grouse-creek,General,
Elk,"Box Elder, Grouse Creek",box-elder-grouse-creek,Limited Entry,
Elk,"Box Elder, Grouse Creek",box-elder-grouse-creek,Youth,
Elk,"Box Elder, Hansel Mtn",box-elder-hansel-mtn,Antlerless,
Elk,"Box Elder, Hansel Mtn",box-elder-hansel-mtn,General,
Elk,"Box Elder, Hansel Mtn",box-elder-hansel-mtn,Youth,
Elk,"Box Elder, Pilot Mtn",box-elder-pilot-mtn,Limited Entry,
Elk,"Box Elder, Sawtooth",box-elder-sawtooth,Antlerless,
Elk,"Box Elder, Sawtooth",box-elder-sawtooth,General,
Elk,"Box Elder, Sawtooth",box-elder-sawtooth,Youth,
Elk,Cache,cache,Antlerless,
Elk,"Cache, East Rich",cache-east-rich,General,
Elk,"Cache, East Rich",cache-east-rich,Youth,
Elk,"Cache, Meadowville",cache-meadowville,General,
Elk,"Cache, Meadowville",cache-meadowville,Limited Entry,
Elk,"Cache, Meadowville",cache-meadowville,Youth,
Elk,"Cache, North",cache-north,General,
Elk,"Cache, North",cache-north,Limited Entry,
Elk,"Cache, North",cache-north,Youth,
Elk,"Cache, South",cache-south,General,
Elk,"Cache, South",cache-south,Limited Entry,
Elk,"Cache, South",cache-south,Youth,
Elk,"Cache, Wellsville",cache-wellsville,General,
Elk,"Cache, Wellsville",cache-wellsville,Youth,
Elk,Cedar/Stansbury,cedar-stansbury,General,
Elk,Cedar/Stansbury,cedar-stansbury,Youth,
Elk,Chalk Creek,chalk-creek,Antlerless,
Elk,Chalk Creek,chalk-creek,Control,
Elk,Chalk Creek,chalk-creek,General,
Elk,Chalk Creek,chalk-creek,Youth,
Elk,Diamond Mtn,diamond-mtn,Antlerless,
Elk,Diamond Mtn,diamond-mtn,General,
Elk,Diamond Mtn,diamond-mtn,Limited Entry,
Elk,Diamond Mtn,diamond-mtn,Youth,
Elk,Dolores Triangle,dolores-triangle,General,
Elk,Dolores Triangle,dolores-triangle,Limited Entry,
Elk,Dolores Triangle,dolores-triangle,Youth,
Elk,Draw-only youth any bull/hunter's choice elk,draw-only-youth-any-bull-hunter-s-choice-elk,Youth,
Elk,East Canyon,east-canyon,Antlerless,
Elk,East Canyon,east-canyon,Control,
Elk,East Canyon,east-canyon,General,
Elk,East Canyon,east-canyon,Limited Entry,
Elk,East Canyon,east-canyon,Youth,
Elk,"Fillmore, Oak Creek South",fillmore-oak-creek-south,General,
Elk,"Fillmore, Oak Creek South",fillmore-oak-creek-south,Youth,
Elk,"Fillmore, Pahvant",fillmore-pahvant,General,
Elk,"Fillmore, Pahvant",fillmore-pahvant,Limited Entry,
Elk,"Fillmore, Pahvant",fillmore-pahvant,Youth,
Elk,"Filmore, Pahvant",filmore-pahvant,Antlerless,
Elk,Fishlake/Thousand Lakes,fishlake-thousand-lakes,General,
Elk,Fishlake/Thousand Lakes,fishlake-thousand-lakes,Limited Entry,
Elk,Fishlake/Thousand Lakes,fishlake-thousand-lakes,Youth,
Elk,Henry Mtns,henry-mtns,Control,
Elk,Henry Mtns,henry-mtns,General,
Elk,Henry Mtns,henry-mtns,Youth,
Elk,House/Tintic,house-tintic,General,
Elk,House/Tintic,house-tintic,Youth,
Elk,Kamas,kamas,Antlerless,
Elk,Kamas,kamas,Control,
Elk,Kamas,kamas,General,
Elk,Kamas,kamas,Youth,
Elk,La Sal Mtns,la-sal-mtns,General,
Elk,La Sal Mtns,la-sal-mtns,Limited Entry,
Elk,La Sal Mtns,la-sal-mtns,Youth,
Elk,"La Sal, La Sal Mtns",la-sal-la-sal-mtns,Antlerless,
Elk,"La Sal, La Sal Mtns-North",la-sal-la-sal-mtns-north,Antlerless,
Elk,Manti,manti,Antlerless,
Elk,Manti,manti,General,
Elk,Manti,manti,Limited Entry,
Elk,Manti,manti,Youth,
Elk,Monroe,monroe,General,
Elk,Monroe,monroe,Limited Entry,
Elk,Monroe,monroe,Youth,
Elk,Morgan-South Rich,morgan-south-rich,Antlerless,
Elk,Morgan-South Rich,morgan-south-rich,Control,
Elk,Morgan-South Rich,morgan-south-rich,General,
Elk,Morgan-South Rich,morgan-south-rich,Limited Entry,
Elk,Morgan-South Rich,morgan-south-rich,Youth,
Elk,Mt Dutton,mt-dutton,General,
Elk,Mt Dutton,mt-dutton,Limited Entry,
Elk,Mt Dutton,mt-dutton,Youth,
Elk,Mt. Dutton,mt-dutton,Antlerless,
Elk,Nebo,nebo,Antlerless,
Elk,"Nebo, Moroni Hills",nebo-moroni-hills,General,
Elk,"Nebo, Moroni Hills",nebo-moroni-hills,Youth,
Elk,Nebo/San Pitch Mtn,nebo-san-pitch-mtn,Limited Entry,
Elk,Nebo/San Pitch Mtns,nebo-san-pitch-mtns,General,
Elk,Nebo/San Pitch Mtns,nebo-san-pitch-mtns,Limited Entry,
Elk,Nebo/San Pitch Mtns,nebo-san-pitch-mtns,Youth,
Elk,"Nine Mile, Anthro",nine-mile-anthro,Antlerless,
Elk,"Nine Mile, Anthro",nine-mile-anthro,General,
Elk,"Nine Mile, Anthro-Myton Bench",nine-mile-anthro-myton-bench,Antlerless,
Elk,"Nine Mile, Anthro-Myton Bench",nine-mile-anthro-myton-bench,General,
Elk,"Nine Mile, Anthro-Myton Bench",nine-mile-anthro-myton-bench,Youth,
Elk,"Nine Mile, Range Creek",nine-mile-range-creek,Antlerless,
Elk,"Nine Mile, Range Creek",nine-mile-range-creek,General,
Elk,"Nine Mile, Range Creek",nine-mile-range-creek,Youth,
Elk,"North Slope, Summit",north-slope-summit,Antlerless,
Elk,"North Slope, Summit",north-slope-summit,General,
Elk,"North Slope, Summit",north-slope-summit,Youth,
Elk,"North Slope, Summit/West Daggett",north-slope-summit-west-daggett,General,
Elk,"North Slope, Three Corners",north-slope-three-corners,Antlerless,
Elk,"North Slope, Three Corners",north-slope-three-corners,Limited Entry,
Elk,"North Slope, West Daggett",north-slope-west-daggett,Antlerless,
Elk,"North Slope, West Daggett",north-slope-west-daggett,General,
Elk,"North Slope, West Daggett",north-slope-west-daggett,Youth,
Elk,Ogden,ogden,Control,
Elk,Ogden,ogden,General,
Elk,Ogden,ogden,Youth,
Elk,"Ogden, North",ogden-north,Antlerless,
Elk,Oquirrh,oquirrh,General,
Elk,Oquirrh,oquirrh,Youth,
Elk,Panguitch Lake,panguitch-lake,Antlerless,
Elk,Panguitch Lake,panguitch-lake,General,
Elk,Panguitch Lake,panguitch-lake,Limited Entry,
Elk,Panguitch Lake,panguitch-lake,Youth,
Elk,Paunsaugunt,paunsaugunt,Antlerless,
Elk,Paunsaugunt,paunsaugunt,General,
Elk,Paunsaugunt,paunsaugunt,Youth,
Elk,Pine Valley,pine-valley,Control,
Elk,Pine Valley,pine-valley,General,
Elk,Pine Valley,pine-valley,Youth,
Elk,San Juan,san-juan,Antlerless,
Elk,San Juan Bull Elk,san-juan-bull-elk,General,
Elk,San Juan Bull Elk,san-juan-bull-elk,Limited Entry,
Elk,San Juan Bull Elk,san-juan-bull-elk,Youth,
Elk,"San Juan, Montezuma Canyon",san-juan-montezuma-canyon,General,
Elk,"San Juan, Montezuma Canyon",san-juan-montezuma-canyon,Youth,
Elk,"San Rafael, North",san-rafael-north,General,
Elk,"San Rafael, North",san-rafael-north,Youth,
Elk,"San Rafael, South-Dirty Devil",san-rafael-south-dirty-devil,General,
Elk,"San Rafael, South-Dirty Devil",san-rafael-south-dirty-devil,Youth,
Elk,Southwest Desert,southwest-desert,General,
Elk,Southwest Desert,southwest-desert,Youth,
Elk,"Southwest Desert, North",southwest-desert-north,Limited Entry,
Elk,"Southwest Desert, South",southwest-desert-south,Limited Entry,
Elk,Uinta Basin Private Lands Any Bull Elk,uinta-basin-private-lands-any-bull-elk,General,
Elk,Uintah Basin Extended Archery Area,uintah-basin-extended-archery-area,General,
Elk,Valley Mtns,valley-mtns,General,
Elk,Valley Mtns,valley-mtns,Youth,
Elk,Vernal/Bonanza,vernal-bonanza,Antlerless,
Elk,Vernal/Bonanza,vernal-bonanza,General,
Elk,Vernal/Bonanza,vernal-bonanza,Youth,
Elk,Vernal/Yellowstone/Bonanza,vernal-yellowstone-bonanza,General,
Elk,Wasatch Front Extended Archery Area,wasatch-front-extended-archery-area,General,
Elk,Wasatch Mtns,wasatch-mtns,Antlerless,
Elk,Wasatch Mtns,wasatch-mtns,General,
Elk,Wasatch Mtns,wasatch-mtns,Limited Entry,
Elk,Wasatch Mtns,wasatch-mtns,Youth,
Elk,"Wasatch Mtns, Avintaquin-White River",wasatch-mtns-avintaquin-white-river,Antlerless,
Elk,"Wasatch Mtns, Currant Creek",wasatch-mtns-currant-creek,Antlerless,
Elk,"Wasatch Mtns, North",wasatch-mtns-north,General,
Elk,"Wasatch Mtns, North",wasatch-mtns-north,Youth,
Elk,"Wasatch Mtns, West",wasatch-mtns-west,Antlerless,
Elk,West Cache Extended Archery Area,west-cache-extended-archery-area,General,
Elk,West Desert,west-desert,General,
Elk,"West Desert, Deep Creek",west-desert-deep-creek,General,
Elk,"West Desert, Deep Creek",west-desert-deep-creek,Limited Entry,
Elk,"West Desert, Deep Creek",west-desert-deep-creek,Youth,
Elk,"West Desert, Tintic Valley",west-desert-tintic-valley,Antlerless,
Elk,Yellowstone,yellowstone,Antlerless,
Elk,Yellowstone,yellowstone,General,
Elk,Yellowstone,yellowstone,Youth,
Elk,Zion,zion,Antlerless,
Elk,Zion,zion,Control,
Elk,Zion,zion,General,
Elk,Zion,zion,Youth,
Moose,Bally Watts CWMU,bally-watts-cwmu,Once-in-a-Lifetime,
Moose,Bear Springs CWMU,bear-springs-cwmu,Once-in-a-Lifetime,
Moose,Beaver Hollow CWMU,beaver-hollow-cwmu,Once-in-a-Lifetime,
Moose,Box Elder,box-elder,Once-in-a-Lifetime,
Moose,Cache,cache,Once-in-a-Lifetime,
Moose,Causey Spring CWMU,causey-spring-cwmu,Antlerless,
Moose,Causey Spring CWMU,causey-spring-cwmu,Once-in-a-Lifetime,
Moose,Cedar Canyon CWMU,cedar-canyon-cwmu,Once-in-a-Lifetime,
Moose,Chalk Creek,chalk-creek,Once-in-a-Lifetime,
Moose,Chimney Rock CWMU,chimney-rock-cwmu,Once-in-a-Lifetime,
Moose,Coyote Little Pole CWMU,coyote-little-pole-cwmu,Once-in-a-Lifetime,
Moose,Deseret CWMU,deseret-cwmu,Antlerless,
Moose,Deseret CWMU,deseret-cwmu,Once-in-a-Lifetime,
Moose,Diamond Mtn/Vernal,diamond-mtn-vernal,Once-in-a-Lifetime,
Moose,Durst Mountain CWMU,durst-mountain-cwmu,Once-in-a-Lifetime,
Moose,East Canyon,east-canyon,Once-in-a-Lifetime,
Moose,"East Canyon, Davis-North Salt Lake",east-canyon-davis-north-salt-lake,Antlerless,
Moose,"East Canyon, Morgan-Summit",east-canyon-morgan-summit,Antlerless,
Moose,"East Canyon, Morgan-Summit",east-canyon-morgan-summit,Once-in-a-Lifetime,
Moose,East Fork Chalk Creek CWMU,east-fork-chalk-creek-cwmu,Once-in-a-Lifetime,
Moose,Ensign Ranches CWMU,ensign-ranches-cwmu,Once-in-a-Lifetime,
Moose,Folley Ridge CWMU,folley-ridge-cwmu,Once-in-a-Lifetime,
Moose,Grass Valley/Clark Canyon CWMU,grass-valley-clark-canyon-cwmu,Once-in-a-Lifetime,
Moose,Hardscrabble CWMU,hardscrabble-cwmu,Once-in-a-Lifetime,
Moose,Ingham Peak CWMU,ingham-peak-cwmu,Once-in-a-Lifetime,
Moose,Jacob's Creek CWMU,jacob-s-creek-cwmu,Once-in-a-Lifetime,
Moose,Junction Valley CWMU,junction-valley-cwmu,Once-in-a-Lifetime,
Moose,Kamas,kamas,Once-in-a-Lifetime,
Moose,Little Pole Canyon CWMU,little-pole-canyon-cwmu,Once-in-a-Lifetime,
Moose,Little Red Creek CWMU,little-red-creek-cwmu,Once-in-a-Lifetime,
Moose,Lone Tree Tunnel Hollow CWMU,lone-tree-tunnel-hollow-cwmu,Once-in-a-Lifetime,
Moose,Moon Ranch CWMU,moon-ranch-cwmu,Once-in-a-Lifetime,
Moose,Moose - Statewide Permit,moose-statewide-permit,Once-in-a-Lifetime,
Moose,Morgan-South Rich,morgan-south-rich,Antlerless,
Moose,Morgan-South Rich,morgan-south-rich,Once-in-a-Lifetime,
Moose,"North Slope, Summit",north-slope-summit,Antlerless,
Moose,"North Slope, Summit",north-slope-summit,Once-in-a-Lifetime,
Moose,"North Slope, Three Corners/West Daggett",north-slope-three-corners-west-daggett,Once-in-a-Lifetime,
Moose,Ogden,ogden,Antlerless,
Moose,Ogden,ogden,Once-in-a-Lifetime,
Moose,"Ogden, West",ogden-west,Antlerless,
Moose,Powder Mountain CWMU,powder-mountain-cwmu,Once-in-a-Lifetime,
Moose,Royal Ivory Outfitters CWMU,royal-ivory-outfitters-cwmu,Once-in-a-Lifetime,
Moose,Sand Creek CWMU,sand-creek-cwmu,Once-in-a-Lifetime,
Moose,Sharp Mountain CWMU,sharp-mountain-cwmu,Once-in-a-Lifetime,
Moose,SJ Ranch CWMU,sj-ranch-cwmu,Once-in-a-Lifetime,
Moose,Skull Crack CWMU,skull-crack-cwmu,Once-in-a-Lifetime,
Moose,South Canyon CWMU,south-canyon-cwmu,Once-in-a-Lifetime,
Moose,State Corner CWMU,state-corner-cwmu,Once-in-a-Lifetime,
Moose,Statewide Conservation,statewide-conservation,Once-in-a-Lifetime,
Moose,Strawberry Ridge CWMU,strawberry-ridge-cwmu,Once-in-a-Lifetime,
Moose,Three C CWMU,three-c-cwmu,Once-in-a-Lifetime,
Moose,Two Bear CWMU,two-bear-cwmu,Once-in-a-Lifetime,
Moose,Wallsburg CWMU,wallsburg-cwmu,Once-in-a-Lifetime,
Moose,"Wasatch Mtns, Salt Lake-Timpanogos",wasatch-mtns-salt-lake-timpanogos,Antlerless,
Moose,"Wasatch Mtns, West",wasatch-mtns-west,Antlerless,
Moose,Wasatch Mtns/Central Mtns,wasatch-mtns-central-mtns,Once-in-a-Lifetime,
Moose,Weber Florence Creek CWMU,weber-florence-creek-cwmu,Once-in-a-Lifetime,
Moose,Weber Florence Creek/Stillman Creek CWMU,weber-florence-creek-stillman-creek-cwmu,Once-in-a-Lifetime,
Moose,Woodruff Creek South CWMU,woodruff-creek-south-cwmu,Once-in-a-Lifetime,
Moose,Yellowstone,yellowstone,Once-in-a-Lifetime,
Mountain Goat,Beaver,beaver,Once-in-a-Lifetime,
Mountain Goat,High Uintas Central,high-uintas-central,Once-in-a-Lifetime,
Mountain Goat,High Uintas East,high-uintas-east,Once-in-a-Lifetime,
Mountain Goat,High Uintas Kamas,high-uintas-kamas,Once-in-a-Lifetime,
Mountain Goat,High Uintas Leidy Peak,high-uintas-leidy-peak,Once-in-a-Lifetime,
Mountain Goat,High Uintas West,high-uintas-west,Once-in-a-Lifetime,
Mountain Goat,La Sal Mtns,la-sal-mtns,Once-in-a-Lifetime,
Mountain Goat,Mountain Goat - Statewide Permit,mountain-goat-statewide-permit,Once-in-a-Lifetime,
Mountain Goat,Mt Dutton,mt-dutton,Once-in-a-Lifetime,
Mountain Goat,Nebo,nebo,Once-in-a-Lifetime,
Mountain Goat,"North Slope/South Slope, High Uintas Central",north-slope-south-slope-high-uintas-central,Once-in-a-Lifetime,
Mountain Goat,"Ogden, Willard Peak",ogden-willard-peak,Once-in-a-Lifetime,
Mountain Goat,Statewide Conservation,statewide-conservation,Once-in-a-Lifetime,
Mountain Goat,"Wasatch Mtns, Box Elder Peak",wasatch-mtns-box-elder-peak,Once-in-a-Lifetime,
Mountain Goat,"Wasatch Mtns, Box Elder Peak/Lone Peak/Timpanogos",wasatch-mtns-box-elder-peak-lone-peak-timpanogos,Once-in-a-Lifetime,
Mountain Goat,"Wasatch Mtns, Lone Peak",wasatch-mtns-lone-peak,Once-in-a-Lifetime,
Mountain Goat,"Wasatch Mtns, Provo Peak",wasatch-mtns-provo-peak,Once-in-a-Lifetime,
Mountain Goat,"Wasatch Mtns, Timpanogos",wasatch-mtns-timpanogos,Once-in-a-Lifetime,
Mule Deer,Antelope Island,antelope-island,Management,
Mule Deer,Antelope Island,antelope-island,Premium Limited Entry,
Mule Deer,"Beaver, East",beaver-east,Dedicated Hunter,
Mule Deer,"Beaver, East",beaver-east,General,
Mule Deer,"Beaver, East",,General,
Mule Deer,"Beaver, East",beaver-east,Limited Entry,
Mule Deer,"Beaver, West",beaver-west,Dedicated Hunter,
Mule Deer,"Beaver, West",beaver-west,General,
Mule Deer,"Beaver, West",,General,
Mule Deer,"Beaver, West",beaver-west,Limited Entry,
Mule Deer,Book Cliffs,book-cliffs,Limited Entry,
Mule Deer,"Book Cliffs, Floy Canyon",book-cliffs-floy-canyon,Limited Entry,
Mule Deer,"Book Cliffs, North",book-cliffs-north,Limited Entry,
Mule Deer,"Book Cliffs, South",book-cliffs-south,Limited Entry,
Mule Deer,Boulder/Kaiparowits,boulder-kaiparowits,Dedicated Hunter,
Mule Deer,Boulder/Kaiparowits,boulder-kaiparowits,General,
Mule Deer,Boulder/Kaiparowits,,General,
Mule Deer,Boulder/Kaiparowits,boulder-kaiparowits,Limited Entry,
Mule Deer,Box Elder,box-elder,Dedicated Hunter,
Mule Deer,Box Elder,box-elder,General,
Mule Deer,Box Elder,,General,
Mule Deer,Box Elder,box-elder,Limited Entry,
Mule Deer,Cache,cache,Dedicated Hunter,
Mule Deer,Cache,cache,General,
Mule Deer,Cache,,General,
Mule Deer,Cache,cache,Limited Entry,
Mule Deer,Castle Valley,castle-valley,Limited Entry,
Mule Deer,Cedar/Stansbury,cedar-stansbury,Dedicated Hunter,
Mule Deer,Cedar/Stansbury,cedar-stansbury,General,
Mule Deer,Cedar/Stansbury,,General,
Mule Deer,Cedar/Stansbury,cedar-stansbury,Limited Entry,
Mule Deer,Chalk Creek,chalk-creek,Dedicated Hunter,
Mule Deer,Chalk Creek,chalk-creek,General,
Mule Deer,Chalk Creek,,General,
Mule Deer,Chalk Creek,chalk-creek,Limited Entry,
Mule Deer,Deer extended archery only,deer-extended-archery-only,General,
Mule Deer,Diamond Mtn,diamond-mtn,Limited Entry,
Mule Deer,Dolores Triangle,dolores-triangle,Limited Entry,
Mule Deer,East Canyon,east-canyon,Dedicated Hunter,
Mule Deer,East Canyon,east-canyon,General,
Mule Deer,East Canyon,,General,
Mule Deer,East Canyon,east-canyon,Limited Entry,
Mule Deer,Fillmore,fillmore,Dedicated Hunter,
Mule Deer,Fillmore,fillmore,General,
Mule Deer,Fillmore,,General,
Mule Deer,Fillmore,fillmore,Limited Entry,
Mule Deer,"Fillmore, Oak Creek LE",fillmore-oak-creek-le,Limited Entry,
Mule Deer,Fishlake,fishlake,Dedicated Hunter,
Mule Deer,Fishlake,fishlake,General,
Mule Deer,Fishlake,,General,
Mule Deer,Fishlake,fishlake,Limited Entry,
Mule Deer,Henry Mtns,henry-mtns,Management,
Mule Deer,Henry Mtns,henry-mtns,Premium Limited Entry,
Mule Deer,Kaiparowits HAMSS,kaiparowits-hamss,Limited Entry,
Mule Deer,Kamas,kamas,Dedicated Hunter,
Mule Deer,Kamas,kamas,General,
Mule Deer,Kamas,,General,
Mule Deer,Kamas,kamas,Limited Entry,
Mule Deer,La Sal Mtns,la-sal-mtns,Dedicated Hunter,
Mule Deer,La Sal Mtns,la-sal-mtns,General,
Mule Deer,La Sal Mtns,,General,
Mule Deer,La Sal Mtns,la-sal-mtns,Limited Entry,
Mule Deer,Little Rockies,little-rockies,Limited Entry,
Mule Deer,Manti/San Rafael,manti-san-rafael,Dedicated Hunter,
Mule Deer,Manti/San Rafael,manti-san-rafael,General,
Mule Deer,Manti/San Rafael,,General,
Mule Deer,Manti/San Rafael,manti-san-rafael,Limited Entry,
Mule Deer,Moab Valley,moab-valley,Limited Entry,
Mule Deer,Monroe,monroe,Dedicated Hunter,
Mule Deer,Monroe,monroe,General,
Mule Deer,Monroe,,General,
Mule Deer,Monroe,monroe,Limited Entry,
Mule Deer,Morgan-South Rich,morgan-south-rich,Dedicated Hunter,
Mule Deer,Morgan-South Rich,morgan-south-rich,General,
Mule Deer,Morgan-South Rich,,General,
Mule Deer,Morgan-South Rich,morgan-south-rich,Limited Entry,
Mule Deer,Mt Dutton,mt-dutton,Dedicated Hunter,
Mule Deer,Mt Dutton,mt-dutton,General,
Mule Deer,Mt Dutton,,General,
Mule Deer,Mt Dutton,mt-dutton,Limited Entry,
Mule Deer,Nebo,nebo,Dedicated Hunter,
Mule Deer,Nebo,nebo,General,
Mule Deer,Nebo,,General,
Mule Deer,Nebo,nebo,Limited Entry,
Mule Deer,Nine Mile,nine-mile,Dedicated Hunter,
Mule Deer,Nine Mile,nine-mile,General,
Mule Deer,Nine Mile,,General,
Mule Deer,Nine Mile,nine-mile,Limited Entry,
Mule Deer,North Slope,north-slope,Dedicated Hunter,
Mule Deer,North Slope,north-slope,General,
Mule Deer,North Slope,,General,
Mule Deer,North Slope,north-slope,Limited Entry,
Mule Deer,Ogden,ogden,Dedicated Hunter,
Mule Deer,Ogden,ogden,General,
Mule Deer,Ogden,,General,
Mule Deer,Ogden,ogden,Limited Entry,
Mule Deer,Oquirrh/Tintic,oquirrh-tintic,Dedicated Hunter,
Mule Deer,Oquirrh/Tintic,oquirrh-tintic,General,
Mule Deer,Oquirrh/Tintic,,General,
Mule Deer,Oquirrh/Tintic,oquirrh-tintic,Limited Entry,
Mule Deer,Panguitch Lake,panguitch-lake,Dedicated Hunter,
Mule Deer,Panguitch Lake,panguitch-lake,General,
Mule Deer,Panguitch Lake,,General,
Mule Deer,Panguitch Lake,panguitch-lake,Limited Entry,
Mule Deer,Paunsaugunt,paunsaugunt,Cactus Buck,
Mule Deer,Paunsaugunt,paunsaugunt,Management,
Mule Deer,Paunsaugunt,paunsaugunt,Premium Limited Entry,
Mule Deer,Pine Valley,pine-valley,Dedicated Hunter,
Mule Deer,Pine Valley,pine-valley,General,
Mule Deer,Pine Valley,,General,
Mule Deer,Pine Valley,pine-valley,Limited Entry,
Mule Deer,"San Juan, Abajo Mtns",san-juan-abajo-mtns,Dedicated Hunter,
Mule Deer,"San Juan, Abajo Mtns",san-juan-abajo-mtns,General,
Mule Deer,"San Juan, Abajo Mtns",,General,
Mule Deer,"San Juan, Abajo Mtns",san-juan-abajo-mtns,Limited Entry,
Mule Deer,"San Juan, Elk Ridge",san-juan-elk-ridge,Limited Entry,
Mule Deer,"San Juan, Mancos Mesa",san-juan-mancos-mesa,Limited Entry,
Mule Deer,Southwest Desert,southwest-desert,Dedicated Hunter,
Mule Deer,Southwest Desert,southwest-desert,General,
Mule Deer,Southwest Desert,,General,
Mule Deer,Southwest Desert,southwest-desert,Limited Entry,
Mule Deer,Thousand Lakes,thousand-lakes,Limited Entry,
Mule Deer,Vernal/Bonanza,vernal-bonanza,Dedicated Hunter,
Mule Deer,Vernal/Bonanza,vernal-bonanza,General,
Mule Deer,Vernal/Bonanza,vernal-bonanza,Limited Entry,
Mule Deer,"Wasatch Mtns, East",wasatch-mtns-east,Dedicated Hunter,
Mule Deer,"Wasatch Mtns, East",wasatch-mtns-east,General,
Mule Deer,"Wasatch Mtns, East",wasatch-mtns-east,Limited Entry,
Mule Deer,"Wasatch Mtns, West",wasatch-mtns-west,Dedicated Hunter,
Mule Deer,"Wasatch Mtns, West",wasatch-mtns-west,General,
Mule Deer,"Wasatch Mtns, West",wasatch-mtns-west,Limited Entry,
Mule Deer,"West Desert, Swasey",west-desert-swasey,Dedicated Hunter,
Mule Deer,"West Desert, Swasey",west-desert-swasey,General,
Mule Deer,"West Desert, Swasey",west-desert-swasey,Limited Entry,
Mule Deer,"West Desert, Vernon",west-desert-vernon,Limited Entry,
Mule Deer,Yellowstone,yellowstone,Dedicated Hunter,
Mule Deer,Yellowstone,yellowstone,General,
Mule Deer,Yellowstone,yellowstone,Limited Entry,
Mule Deer,Zion,zion,Dedicated Hunter,
Mule Deer,Zion,zion,General,
Mule Deer,Zion,zion,Limited Entry,
Pronghorn,Allen Ranch CWMU,allen-ranch-cwmu,Limited Entry,
Pronghorn,Antelope Creek CWMU,antelope-creek-cwmu,Antlerless,
Pronghorn,Antelope Creek CWMU,antelope-creek-cwmu,Limited Entry,
Pronghorn,Beaver,beaver,Antlerless,
Pronghorn,Beaver,beaver,Limited Entry,
Pronghorn,Black Point CWMU,black-point-cwmu,Antlerless,
Pronghorn,Black Point CWMU,black-point-cwmu,Limited Entry,
Pronghorn,Bonanza/Diamond Mtn,bonanza-diamond-mtn,Antlerless,
Pronghorn,"Book Cliffs, Bitter Creek",book-cliffs-bitter-creek,Limited Entry,
Pronghorn,"Book Cliffs, South",book-cliffs-south,Limited Entry,
Pronghorn,"Box Elder, Promontory",box-elder-promontory,Antlerless,
Pronghorn,"Box Elder, Promontory",box-elder-promontory,Limited Entry,
Pronghorn,"Box Elder, Puddle Valley",box-elder-puddle-valley,Limited Entry,
Pronghorn,"Box Elder, Snowville",box-elder-snowville,Antlerless,
Pronghorn,"Box Elder, Snowville",box-elder-snowville,Limited Entry,
Pronghorn,"Box Elder, West",box-elder-west,Antlerless,
Pronghorn,"Box Elder, West",box-elder-west,Limited Entry,
Pronghorn,"Cache, Rich",cache-rich,Limited Entry,
Pronghorn,Cache/Morgan-South Rich/Ogden,cache-morgan-south-rich-ogden,Antlerless,
Pronghorn,Cache/Morgan-South Rich/Ogden,cache-morgan-south-rich-ogden,Limited Entry,
Pronghorn,Castle Valley Outdoors CWMU,castle-valley-outdoors-cwmu,Limited Entry,
Pronghorn,Cedar Springs CWMU,cedar-springs-cwmu,Limited Entry,
Pronghorn,Cottonwood Ridge CWMU,cottonwood-ridge-cwmu,Antlerless,
Pronghorn,Cottonwood Ridge CWMU,cottonwood-ridge-cwmu,Limited Entry,
Pronghorn,Deseret CWMU,deseret-cwmu,Antlerless,
Pronghorn,Deseret CWMU,deseret-cwmu,Limited Entry,
Pronghorn,Diamond Mtn/Bonanza,diamond-mtn-bonanza,Limited Entry,
Pronghorn,Ensign Ranches CWMU,ensign-ranches-cwmu,Limited Entry,
Pronghorn,"Fillmore, Oak Creek South",fillmore-oak-creek-south,Antlerless,
Pronghorn,"Fillmore, Oak Creek South",fillmore-oak-creek-south,Limited Entry,
Pronghorn,George Creek CWMU,george-creek-cwmu,Antlerless,
Pronghorn,George Creek CWMU,george-creek-cwmu,Limited Entry,
Pronghorn,Green River Flat CWMU,green-river-flat-cwmu,Antlerless,
Pronghorn,Green River Flat CWMU,green-river-flat-cwmu,Limited Entry,
Pronghorn,Heist CWMU,heist-cwmu,Antlerless,
Pronghorn,Heist CWMU,heist-cwmu,Limited Entry,
Pronghorn,Highlands,highlands,Limited Entry,
Pronghorn,Iron Spring CWMU,iron-spring-cwmu,Limited Entry,
Pronghorn,Junction Valley CWMU,junction-valley-cwmu,Limited Entry,
Pronghorn,Kaiparowits,kaiparowits,Limited Entry,
Pronghorn,"La Sal, Potash/South Cisco",la-sal-potash-south-cisco,Limited Entry,
Pronghorn,Middle Ridge CWMU,middle-ridge-cwmu,Antlerless,
Pronghorn,Middle Ridge CWMU,middle-ridge-cwmu,Limited Entry,
Pronghorn,Mt Dutton/Paunsaugunt,mt-dutton-paunsaugunt,Antlerless,
Pronghorn,Mt Dutton/Paunsaugunt,mt-dutton-paunsaugunt,Limited Entry,
Pronghorn,"Mt Dutton/Paunsaugunt, Johns Valley (doe pronghorn) - #PD1004",mt-dutton-paunsaugunt-johns-valley-doe-pronghorn-pd1004,Antlerless,
Pronghorn,"Nine Mile, Anthro-Myton Bench",nine-mile-anthro-myton-bench,Limited Entry,
Pronghorn,"Nine Mile, Anthro-Pleasant Valley",nine-mile-anthro-pleasant-valley,Antlerless,
Pronghorn,"Nine Mile, Range Creek",nine-mile-range-creek,Limited Entry,
Pronghorn,"North Slope, Summit",north-slope-summit,Antlerless,
Pronghorn,"North Slope, Summit",north-slope-summit,Limited Entry,
Pronghorn,"North Slope, Three Corners",north-slope-three-corners,Antlerless,
Pronghorn,"North Slope, Three Corners/West Daggett",north-slope-three-corners-west-daggett,Limited Entry,
Pronghorn,"North Slope, West Daggett",north-slope-west-daggett,Antlerless,
Pronghorn,Pahvant Ensign CWMU,pahvant-ensign-cwmu,Antlerless,
Pronghorn,Pahvant Ensign CWMU,pahvant-ensign-cwmu,Limited Entry,
Pronghorn,"Panguitch Lake/Zion, North",panguitch-lake-zion-north,Antlerless,
Pronghorn,"Panguitch Lake/Zion, North",panguitch-lake-zion-north,Limited Entry,
Pronghorn,Park Valley CWMU,park-valley-cwmu,Limited Entry,
Pronghorn,Parker Mtn,parker-mtn,Antlerless,
Pronghorn,Parker Mtn,parker-mtn,Limited Entry,
Pronghorn,"Parker Mtn, Highlands",parker-mtn-highlands,Antlerless,
Pronghorn,"Parker Mtn, Plains",parker-mtn-plains,Antlerless,
Pronghorn,Pine Valley,pine-valley,Antlerless,
Pronghorn,Pine Valley,pine-valley,Limited Entry,
Pronghorn,Prohibition Springs CWMU,prohibition-springs-cwmu,Limited Entry,
Pronghorn,Pronghorn - Statewide Permit,pronghorn-statewide-permit,Limited Entry,
Pronghorn,Rabbit Creek CWMU,rabbit-creek-cwmu,Antlerless,
Pronghorn,Rabbit Creek CWMU,rabbit-creek-cwmu,Limited Entry,
Pronghorn,RLF Deep Creek CWMU,rlf-deep-creek-cwmu,Antlerless,
Pronghorn,RLF Deep Creek CWMU,rlf-deep-creek-cwmu,Limited Entry,
Pronghorn,Salt Wells CWMU,salt-wells-cwmu,Limited Entry,
Pronghorn,"San Juan, Hatch Point",san-juan-hatch-point,Limited Entry,
Pronghorn,"San Rafael North, Cleveland",san-rafael-north-cleveland,Antlerless,
Pronghorn,"San Rafael North, Mounds Reef",san-rafael-north-mounds-reef,Antlerless,
Pronghorn,"San Rafael, Desert",san-rafael-desert,Limited Entry,
Pronghorn,"San Rafael, North",san-rafael-north,Limited Entry,
Pronghorn,"San Rafael, Poison Springs Bench",san-rafael-poison-springs-bench,Antlerless,
Pronghorn,SJ Ranch CWMU,sj-ranch-cwmu,Antlerless,
Pronghorn,SJ Ranch CWMU,sj-ranch-cwmu,Limited Entry,
Pronghorn,Skull Valley South CWMU,skull-valley-south-cwmu,Limited Entry,
Pronghorn,Snowville Flat CWMU,snowville-flat-cwmu,Antlerless,
Pronghorn,Snowville Flat CWMU,snowville-flat-cwmu,Limited Entry,
Pronghorn,Southwest Desert,southwest-desert,Limited Entry,
Pronghorn,"Southwest Desert, Milford Flat",southwest-desert-milford-flat,Antlerless,
Pronghorn,Statewide Conservation,statewide-conservation,Limited Entry,
Pronghorn,Strawberry Ridge CWMU,strawberry-ridge-cwmu,Limited Entry,
Pronghorn,Sweetwater CWMU,sweetwater-cwmu,Limited Entry,
Pronghorn,The Rose of Snowville CWMU,the-rose-of-snowville-cwmu,Antlerless,
Pronghorn,The Rose of Snowville CWMU,the-rose-of-snowville-cwmu,Limited Entry,
Pronghorn,TL Bar Ranch CWMU,tl-bar-ranch-cwmu,Antlerless,
Pronghorn,TL Bar Ranch CWMU,tl-bar-ranch-cwmu,Limited Entry,
Pronghorn,Vernal,vernal,Limited Entry,
Pronghorn,Vernal-Ouray Valley,vernal-ouray-valley,Antlerless,
Pronghorn,"West Desert, Riverbed",west-desert-riverbed,Limited Entry,
Pronghorn,"West Desert, Rush Valley",west-desert-rush-valley,Limited Entry,
Pronghorn,"West Desert, Snake Valley",west-desert-snake-valley,Limited Entry,
Pronghorn,West Willow Creek Ranch CWMU,west-willow-creek-ranch-cwmu,Limited Entry,
Pronghorn,Westlake CWMU,westlake-cwmu,Antlerless,
Pronghorn,Westlake CWMU,westlake-cwmu,Limited Entry,
Pronghorn,Zane CWMU,zane-cwmu,Antlerless,
Pronghorn,Zane CWMU,zane-cwmu,Limited Entry,
Turkey,Central Area,central-area,General,
Turkey,Central Area,central-area,Limited Entry,
Turkey,Central Region - Private land only,central-region-private-land-only,General,
Turkey,Deer Creek CWMU,deer-creek-cwmu,Limited Entry,
Turkey,East Zion CWMU,east-zion-cwmu,Limited Entry,
Turkey,Folley Ridge CWMU,folley-ridge-cwmu,Limited Entry,
Turkey,Great Salt Lake and Vicinity,great-salt-lake-and-vicinity,General,
Turkey,Missouri Flat CWMU,missouri-flat-cwmu,Limited Entry,
Turkey,New Harmony CWMU,new-harmony-cwmu,Limited Entry,
Turkey,Northeastern Area,northeastern-area,General,
Turkey,Northeastern Area,northeastern-area,Limited Entry,
Turkey,Northern Area,northern-area,General,
Turkey,Northern Area,northern-area,Limited Entry,
Turkey,Northern Region - Private land only,northern-region-private-land-only,General,
Turkey,Pahvant Ensign CWMU,pahvant-ensign-cwmu,Limited Entry,
Turkey,Southeastern Area,southeastern-area,General,
Turkey,Southeastern Area,southeastern-area,Limited Entry,
Turkey,Southeastern Region - Select areas only,southeastern-region-select-areas-only,General,
Turkey,Southern Area,southern-area,General,
Turkey,Southern Area,southern-area,Limited Entry,
Turkey,Southern Region - Private land only,southern-region-private-land-only,General,
Turkey,Southern Region - Select areas only,southern-region-select-areas-only,General,
Turkey,Statewide,statewide,General,
Turkey,Statewide Conservation,statewide-conservation,General,
Turkey,Turkey - Statewide Permit,turkey-statewide-permit,General,